,App Name,Request Number,Note,TextToAnnotate,Information,Note
20,Mastodon,8,Done,Request Number - 8 | Request Title - Add local and federated timeline | Request Description - At the moment there seems to be no way to access local and federated timeline. Please consider adding that feature.,"('#8', 'Mastodon', 'Add local and federated timeline', 'At the moment there seems to be no way to access local and federated timeline. Please consider adding that feature.', 'Request Number - 8 | Request Title - Add local and federated timeline | Request Description - At the moment there seems to be no way to access local and federated timeline. Please consider adding that feature.')",
0,Mastodon,58,Done,"Request Number - 58 | Request Title - Feature: Open toot with another profile | Request Description - (As I just learned) it's possible to be logged in to multiple profiles in the Mastodon app. When coming across an interesting toot, one might want to boost it not only with the current profile but also with one of the other profiles. Therefore, it would be useful if the three-dot menu of each toot contained an option to open it with another profile. For reference, this is what the feature looks like in Tusky: screen-20220420-144854.mp4","('#58', 'Mastodon', 'Feature: Open toot with another profile', ""(As I just learned) it's possible to be logged in to multiple profiles in the Mastodon app. When coming across an interesting toot, one might want to boost it not only with the current profile but also with one of the other profiles. Therefore, it would be useful if the three-dot menu of each toot contained an option to open it with another profile. For reference, this is what the feature looks like in Tusky: screen-20220420-144854.mp4"", ""Request Number - 58 | Request Title - Feature: Open toot with another profile | Request Description - (As I just learned) it's possible to be logged in to multiple profiles in the Mastodon app. When coming across an interesting toot, one might want to boost it not only with the current profile but also with one of the other profiles. Therefore, it would be useful if the three-dot menu of each toot contained an option to open it with another profile. For reference, this is what the feature looks like in Tusky: screen-20220420-144854.mp4"")",
16,Signal,77,Done,"Request Number - 77 | Request Title - Display all recipients for group thread. | Request Description - After creating a bulk message, the recipients are not easily listed anywhere. The contacts are listed, but after the first few it gets cut. you can check the details of each message sent but that's slow. Please make an option included in a bulk sms message with easily displays the currently included recipients. So I know who any future messages will be sent in bulk too. adding/removing people would be overkill.. but having a nice list would be awesome.","('#77', 'Signal', 'Display all recipients for group thread.', ""After creating a bulk message, the recipients are not easily listed anywhere. The contacts are listed, but after the first few it gets cut. you can check the details of each message sent but that's slow. Please make an option included in a bulk sms message with easily displays the currently included recipients. So I know who any future messages will be sent in bulk too. adding/removing people would be overkill.. but having a nice list would be awesome."", ""Request Number - 77 | Request Title - Display all recipients for group thread. | Request Description - After creating a bulk message, the recipients are not easily listed anywhere. The contacts are listed, but after the first few it gets cut. you can check the details of each message sent but that's slow. Please make an option included in a bulk sms message with easily displays the currently included recipients. So I know who any future messages will be sent in bulk too. adding/removing people would be overkill.. but having a nice list would be awesome."")",
1,Mastodon,170,Done,Request Number - 170 | Request Title - Option to hide reblogs from people you follow | Request Description - In the dropdown on profiles.,"('#170', 'Mastodon', 'Option to hide reblogs from people you follow', 'In the dropdown on profiles.', 'Request Number - 170 | Request Title - Option to hide reblogs from people you follow | Request Description - In the dropdown on profiles.')",
23,Signal,245,Done,"Request Number - 245 | Request Title - Unable to find to which SIM message was sent | Request Description - Hi, I am using dual sim mobile. I installed TextSecure, but I am unable to know to which SIM the message is sent ? Please help me.","('#245', 'Signal', 'Unable to find to which SIM message was sent', 'Hi, I am using dual sim mobile. I installed TextSecure, but I am unable to know to which SIM the message is sent ? Please help me.', 'Request Number - 245 | Request Title - Unable to find to which SIM message was sent | Request Description - Hi, I am using dual sim mobile. I installed TextSecure, but I am unable to know to which SIM the message is sent ? Please help me.')",
43,Signal,253,Here,"Request Number - 253 | Request Title -  Feature: send schedule | Request Description - The default SMS app on Samsung at least show you to set a time the SMS is to be sent. I use this feature a lot, so need to revert back to the default app to send these messages. Would be great to have this feature added. Thanks.","('#253', 'Signal', ' Feature: send schedule', 'The default SMS app on Samsung at least show you to set a time the SMS is to be sent. I use this feature a lot, so need to revert back to the default app to send these messages. Would be great to have this feature added. Thanks.', 'Request Number - 253 | Request Title -  Feature: send schedule | Request Description - The default SMS app on Samsung at least show you to set a time the SMS is to be sent. I use this feature a lot, so need to revert back to the default app to send these messages. Would be great to have this feature added. Thanks.')",
32,Signal,316,Done,"Request Number - 316 | Request Title - Feature request: Allow sharing Android calendar events via TextSecure | Request Description - Originally a bug, which should have been titled ""Shared calendar events are not actually attached."" The fix in #1025 removed TS from the ""share with"" list of calendar events, so no longer a bug, but would like to be able to share calendar events via TS, same as can be done with default Android text app. Original (bug) text: Android default Calendar app lets you send a calendar entry. TextSecure is one of the apps that comes up as an option to use for sending. Choosing it, you get to TextSecure, but there is no attachment, just an empty message. (If you choose the regular default Android Text Messaging app, the calendar entry does get properly attached, which is why I suspect the issue is with TextSecure.) Only tried doing this from Calendar, don't know if it's an issue sending via TextSecure from other apps.","('#316', 'Signal', 'Feature request: Allow sharing Android calendar events via TextSecure', 'Originally a bug, which should have been titled ""Shared calendar events are not actually attached."" The fix in #1025 removed TS from the ""share with"" list of calendar events, so no longer a bug, but would like to be able to share calendar events via TS, same as can be done with default Android text app. Original (bug) text: Android default Calendar app lets you send a calendar entry. TextSecure is one of the apps that comes up as an option to use for sending. Choosing it, you get to TextSecure, but there is no attachment, just an empty message. (If you choose the regular default Android Text Messaging app, the calendar entry does get properly attached, which is why I suspect the issue is with TextSecure.) Only tried doing this from Calendar, don\'t know if it\'s an issue sending via TextSecure from other apps.', 'Request Number - 316 | Request Title - Feature request: Allow sharing Android calendar events via TextSecure | Request Description - Originally a bug, which should have been titled ""Shared calendar events are not actually attached."" The fix in #1025 removed TS from the ""share with"" list of calendar events, so no longer a bug, but would like to be able to share calendar events via TS, same as can be done with default Android text app. Original (bug) text: Android default Calendar app lets you send a calendar entry. TextSecure is one of the apps that comes up as an option to use for sending. Choosing it, you get to TextSecure, but there is no attachment, just an empty message. (If you choose the regular default Android Text Messaging app, the calendar entry does get properly attached, which is why I suspect the issue is with TextSecure.) Only tried doing this from Calendar, don\'t know if it\'s an issue sending via TextSecure from other apps.')",
15,Signal,496,Done,Request Number - 496 | Request Title - Feature Request: Ability to change maximum size of MMS | Request Description - I have seen this feature on other third party messaging apps it'd be great.  Thanks!,"('#496', 'Signal', 'Feature Request: Ability to change maximum size of MMS', ""I have seen this feature on other third party messaging apps it'd be great.  Thanks!"", ""Request Number - 496 | Request Title - Feature Request: Ability to change maximum size of MMS | Request Description - I have seen this feature on other third party messaging apps it'd be great.  Thanks!"")",
4,Signal,520,Done,"Request Number - 520 | Request Title - Feature: Direct Photo/Video/Audio attachments while staying in app (API calls to camera, sound recorder, video camera) instead of multistep separate apps | Request Description - I love the app... I want to replace it full time from Textra, BUT there is a big draw back, why don't you allow for direct photos, video and sounds to be taken. So you don't have to use two apps to get the file to send. Example: My wife takes a photo of something she wants my opinion on buying, (in textra or native) presses add, camera comes up, takes photo and sends Example: Same situation, but with Text Secure you have to take the photo first and save image, then goto app and add via the menu of ""where"" the documents are to attach and send So, as you can imagine carrying on a conversation and needing to send several photos during that conversation it would be a bit frustrating and very time consuming using Text Secure. Native, Textra and about all others I have used use API's and directly use the photo/audio to send.","('#520', 'Signal', 'Feature: Direct Photo/Video/Audio attachments while staying in app (API calls to camera, sound recorder, video camera) instead of multistep separate apps', 'I love the app... I want to replace it full time from Textra, BUT there is a big draw back, why don\'t you allow for direct photos, video and sounds to be taken. So you don\'t have to use two apps to get the file to send. Example: My wife takes a photo of something she wants my opinion on buying, (in textra or native) presses add, camera comes up, takes photo and sends Example: Same situation, but with Text Secure you have to take the photo first and save image, then goto app and add via the menu of ""where"" the documents are to attach and send So, as you can imagine carrying on a conversation and needing to send several photos during that conversation it would be a bit frustrating and very time consuming using Text Secure. Native, Textra and about all others I have used use API\'s and directly use the photo/audio to send.', 'Request Number - 520 | Request Title - Feature: Direct Photo/Video/Audio attachments while staying in app (API calls to camera, sound recorder, video camera) instead of multistep separate apps | Request Description - I love the app... I want to replace it full time from Textra, BUT there is a big draw back, why don\'t you allow for direct photos, video and sounds to be taken. So you don\'t have to use two apps to get the file to send. Example: My wife takes a photo of something she wants my opinion on buying, (in textra or native) presses add, camera comes up, takes photo and sends Example: Same situation, but with Text Secure you have to take the photo first and save image, then goto app and add via the menu of ""where"" the documents are to attach and send So, as you can imagine carrying on a conversation and needing to send several photos during that conversation it would be a bit frustrating and very time consuming using Text Secure. Native, Textra and about all others I have used use API\'s and directly use the photo/audio to send.')",
19,Signal,592,Done,"Request Number - 592 | Request Title - Feature - Emoji | Request Description - I hate emoji, but this guy on this issue requested it and I figure I'll help him/you out by making a new issue/feature request.","('#592', 'Signal', 'Feature - Emoji', ""I hate emoji, but this guy on this issue requested it and I figure I'll help him/you out by making a new issue/feature request."", ""Request Number - 592 | Request Title - Feature - Emoji | Request Description - I hate emoji, but this guy on this issue requested it and I figure I'll help him/you out by making a new issue/feature request."")",
13,Signal,597,Done,"Request Number - 597 | Request Title - Display sent time instead of received time | Request Description - It would be nice if there is an option in the settings to display the sent time (as displayed in the ""message details"") instead of the received time next to the messages.","('#597', 'Signal', 'Display sent time instead of received time', 'It would be nice if there is an option in the settings to display the sent time (as displayed in the ""message details"") instead of the received time next to the messages.', 'Request Number - 597 | Request Title - Display sent time instead of received time | Request Description - It would be nice if there is an option in the settings to display the sent time (as displayed in the ""message details"") instead of the received time next to the messages.')",
39,Signal,650,Done,Request Number - 650 | Request Title - Disable SMS only on out-of-country contacts | Request Description - This is a feature request. It would be very handy if I can enable SMS fallback only for the contacts in my country but disable them for contacts out of my country. Usually out-of-country SMS rates are quite high and can run up quite a bill if you have the feature enabled to fallback on SMS. Thanks.,"('#650', 'Signal', 'Disable SMS only on out-of-country contacts', 'This is a feature request. It would be very handy if I can enable SMS fallback only for the contacts in my country but disable them for contacts out of my country. Usually out-of-country SMS rates are quite high and can run up quite a bill if you have the feature enabled to fallback on SMS. Thanks.', 'Request Number - 650 | Request Title - Disable SMS only on out-of-country contacts | Request Description - This is a feature request. It would be very handy if I can enable SMS fallback only for the contacts in my country but disable them for contacts out of my country. Usually out-of-country SMS rates are quite high and can run up quite a bill if you have the feature enabled to fallback on SMS. Thanks.')",
31,Signal,695,Done,"Request Number - 695 | Request Title - Don't show letter count, when SMS mode disabled | Request Description - When I start typing, the count of letters is shown at the bottom left corner, though I have the SMS mode completely disabled.","('#695', 'Signal', ""Don't show letter count, when SMS mode disabled"", 'When I start typing, the count of letters is shown at the bottom left corner, though I have the SMS mode completely disabled.', ""Request Number - 695 | Request Title - Don't show letter count, when SMS mode disabled | Request Description - When I start typing, the count of letters is shown at the bottom left corner, though I have the SMS mode completely disabled."")",
18,Signal,757,Done,"Request Number - 757 | Request Title - different notification settings for group chats | Request Description - It would be very nice to be able to change the notification settings for goups independently from other (personal) chats, as group chats might have a lower priority for the user.","('#757', 'Signal', 'different notification settings for group chats', 'It would be very nice to be able to change the notification settings for goups independently from other (personal) chats, as group chats might have a lower priority for the user.', 'Request Number - 757 | Request Title - different notification settings for group chats | Request Description - It would be very nice to be able to change the notification settings for goups independently from other (personal) chats, as group chats might have a lower priority for the user.')",
34,Signal,778,Done,"Request Number - 778 | Request Title - Feature Request: Only one notification for multiple messages received at once + Timestamps | Request Description - After being offline (flight mode / no internet connection) my device rings/vibrates multiple times, depending on how many messages have been sent by others in the meantime. Being in a quite active group my device vibrated for about 30 seconds this morning. I can see the point of being notified that not only one but multiple messages have been received but this should be reworked to a less annoying way (e.g., ring twice for multiple messages). Additionally, all messages that get then received are displayed with their receiving time. I would prefer having them displayed with the sending time, which can also be seen by looking in the message details. Maybe a menu entry to switch between both options would be a good idea because I can imagine people who like it the way it is handled now.","('#778', 'Signal', 'Feature Request: Only one notification for multiple messages received at once + Timestamps', 'After being offline (flight mode / no internet connection) my device rings/vibrates multiple times, depending on how many messages have been sent by others in the meantime. Being in a quite active group my device vibrated for about 30 seconds this morning. I can see the point of being notified that not only one but multiple messages have been received but this should be reworked to a less annoying way (e.g., ring twice for multiple messages). Additionally, all messages that get then received are displayed with their receiving time. I would prefer having them displayed with the sending time, which can also be seen by looking in the message details. Maybe a menu entry to switch between both options would be a good idea because I can imagine people who like it the way it is handled now.', 'Request Number - 778 | Request Title - Feature Request: Only one notification for multiple messages received at once + Timestamps | Request Description - After being offline (flight mode / no internet connection) my device rings/vibrates multiple times, depending on how many messages have been sent by others in the meantime. Being in a quite active group my device vibrated for about 30 seconds this morning. I can see the point of being notified that not only one but multiple messages have been received but this should be reworked to a less annoying way (e.g., ring twice for multiple messages). Additionally, all messages that get then received are displayed with their receiving time. I would prefer having them displayed with the sending time, which can also be seen by looking in the message details. Maybe a menu entry to switch between both options would be a good idea because I can imagine people who like it the way it is handled now.')",
2,Signal,780,Done,"Request Number - 780 | Request Title - Deduplicate messages | Request Description - Currently TextSecure (2.0.1) can only import messages from the default Android SMS application once. Afterwards doing the same again results in duplicate messages. It would be nice to be able to deduplicate them. I assume that going through the list of messages and comparing from, to, time and text would be sufficient. Then just delete everything except the first occurance. Please excuse me, if this is a duplicate of another issue. It was hard to find good search terms, since ""duplicate"" occurs extremely often as ""duplicate of issue #..."".","('#780', 'Signal', 'Deduplicate messages', 'Currently TextSecure (2.0.1) can only import messages from the default Android SMS application once. Afterwards doing the same again results in duplicate messages. It would be nice to be able to deduplicate them. I assume that going through the list of messages and comparing from, to, time and text would be sufficient. Then just delete everything except the first occurance. Please excuse me, if this is a duplicate of another issue. It was hard to find good search terms, since ""duplicate"" occurs extremely often as ""duplicate of issue #..."".', 'Request Number - 780 | Request Title - Deduplicate messages | Request Description - Currently TextSecure (2.0.1) can only import messages from the default Android SMS application once. Afterwards doing the same again results in duplicate messages. It would be nice to be able to deduplicate them. I assume that going through the list of messages and comparing from, to, time and text would be sufficient. Then just delete everything except the first occurance. Please excuse me, if this is a duplicate of another issue. It was hard to find good search terms, since ""duplicate"" occurs extremely often as ""duplicate of issue #..."".')",
24,Signal,802,Done,"Request Number - 802 | Request Title - Feature Request: import and export keys to file, Bluetooth, QR, and NFC | Request Description - more specificly I'd like to be able to import and export the private key, and public keys to files. I'd also like to be able to import and export public keys via bluetooth, NFC, and QR code. Something like this: https://play.google.com/store/apps/details?id=org.sufficientlysecure.keychain The do key management pretty well, for GPG. (sadly no one writes apps that use their wonderful app, but seriously, best key management app there is.) its also open source, I wonder if you could steal some code from them, and use their key management interface. Reasons I need this new phone, I need to securely wipe the old key, export the old key to a file, and then re-import it. Lost phone, in case I loose my phone, I can reuse the same gpg key. Device immaterial - once I have a back up file of the private key, I can store that on an encrypted parition, or container, and bounce that around as I see fit between devices, PCs, internet storage, etc.. I can then bring it back when I need it. I can also switch between phones at will. For public keys. in addition to reasons 1-3, having a good back up of my friend's public keys, I can easily re-import them, and share them with other people as needed, to make the fewest amounts of key exchanges needed. I can set up phones for people with all the public keys they need. just load them up, and go. This would just make an already good app fucking awesome.","('#802', 'Signal', 'Feature Request: import and export keys to file, Bluetooth, QR, and NFC', ""more specificly I'd like to be able to import and export the private key, and public keys to files. I'd also like to be able to import and export public keys via bluetooth, NFC, and QR code. Something like this: https://play.google.com/store/apps/details?id=org.sufficientlysecure.keychain The do key management pretty well, for GPG. (sadly no one writes apps that use their wonderful app, but seriously, best key management app there is.) its also open source, I wonder if you could steal some code from them, and use their key management interface. Reasons I need this new phone, I need to securely wipe the old key, export the old key to a file, and then re-import it. Lost phone, in case I loose my phone, I can reuse the same gpg key. Device immaterial - once I have a back up file of the private key, I can store that on an encrypted parition, or container, and bounce that around as I see fit between devices, PCs, internet storage, etc.. I can then bring it back when I need it. I can also switch between phones at will. For public keys. in addition to reasons 1-3, having a good back up of my friend's public keys, I can easily re-import them, and share them with other people as needed, to make the fewest amounts of key exchanges needed. I can set up phones for people with all the public keys they need. just load them up, and go. This would just make an already good app fucking awesome."", ""Request Number - 802 | Request Title - Feature Request: import and export keys to file, Bluetooth, QR, and NFC | Request Description - more specificly I'd like to be able to import and export the private key, and public keys to files. I'd also like to be able to import and export public keys via bluetooth, NFC, and QR code. Something like this: https://play.google.com/store/apps/details?id=org.sufficientlysecure.keychain The do key management pretty well, for GPG. (sadly no one writes apps that use their wonderful app, but seriously, best key management app there is.) its also open source, I wonder if you could steal some code from them, and use their key management interface. Reasons I need this new phone, I need to securely wipe the old key, export the old key to a file, and then re-import it. Lost phone, in case I loose my phone, I can reuse the same gpg key. Device immaterial - once I have a back up file of the private key, I can store that on an encrypted parition, or container, and bounce that around as I see fit between devices, PCs, internet storage, etc.. I can then bring it back when I need it. I can also switch between phones at will. For public keys. in addition to reasons 1-3, having a good back up of my friend's public keys, I can easily re-import them, and share them with other people as needed, to make the fewest amounts of key exchanges needed. I can set up phones for people with all the public keys they need. just load them up, and go. This would just make an already good app fucking awesome."")",
38,Signal,817,Done,"Request Number - 817 | Request Title - Display shorter fingerprint, enable sharing of fingerprint | Request Description - To enable faster sharing of the fingerprint, let the user copy the fingerprint and send it over a secure channel (inform the user that the channel needs to be secure). Also, don't display the hex of the fingerprint but rather something the user can easily read out:  base58-encoding poetry-encoding","('#817', 'Signal', 'Display shorter fingerprint, enable sharing of fingerprint', ""To enable faster sharing of the fingerprint, let the user copy the fingerprint and send it over a secure channel (inform the user that the channel needs to be secure). Also, don't display the hex of the fingerprint but rather something the user can easily read out: \nbase58-encoding\npoetry-encoding"", ""Request Number - 817 | Request Title - Display shorter fingerprint, enable sharing of fingerprint | Request Description - To enable faster sharing of the fingerprint, let the user copy the fingerprint and send it over a secure channel (inform the user that the channel needs to be secure). Also, don't display the hex of the fingerprint but rather something the user can easily read out:  base58-encoding poetry-encoding"")",
12,Signal,895,Done,"Request Number - 895 | Request Title - Feature request: Add an option for 'Delayed Sending' | Request Description - I would like a 'Delayed Sending' option to be added to the settings. This is very useful in case you left an embarrassing typo, forgot something important or if you just change your mind and don't want to send the message. Both Chomp SMS and Handcent SMS have this excellent feature. Delay options from 1 to 5 seconds should be enough. Thanks!","('#895', 'Signal', ""Feature request: Add an option for 'Delayed Sending'"", ""I would like a 'Delayed Sending' option to be added to the settings. This is very useful in case you left an embarrassing typo, forgot something important or if you just change your mind and don't want to send the message. Both Chomp SMS and Handcent SMS have this excellent feature. Delay options from 1 to 5 seconds should be enough. Thanks!"", ""Request Number - 895 | Request Title - Feature request: Add an option for 'Delayed Sending' | Request Description - I would like a 'Delayed Sending' option to be added to the settings. This is very useful in case you left an embarrassing typo, forgot something important or if you just change your mind and don't want to send the message. Both Chomp SMS and Handcent SMS have this excellent feature. Delay options from 1 to 5 seconds should be enough. Thanks!"")",
48,Signal,916,Here,"Request Number - 916 | Request Title - Allow to set and sync Contact Pictures | Request Description - Allow users to set their own contact picture and sync it to other TextSecure users. In contrast to WhatsApp, provide those pictures to the system contact list to be used in any app, including but not limited to TextSecure. Is this possible using a SyncAdapter ( #890 ) coupled with a ContentProvider?","('#916', 'Signal', 'Allow to set and sync Contact Pictures', 'Allow users to set their own contact picture and sync it to other TextSecure users. In contrast to WhatsApp, provide those pictures to the system contact list to be used in any app, including but not limited to TextSecure. Is this possible using a SyncAdapter ( #890 ) coupled with a ContentProvider?', 'Request Number - 916 | Request Title - Allow to set and sync Contact Pictures | Request Description - Allow users to set their own contact picture and sync it to other TextSecure users. In contrast to WhatsApp, provide those pictures to the system contact list to be used in any app, including but not limited to TextSecure. Is this possible using a SyncAdapter ( #890 ) coupled with a ContentProvider?')",
25,Signal,957,Done,"Request Number - 957 | Request Title - Delivery reports for PUSHed messages? | Request Description - SMS messages support the notion of a delivery report that allows me to see when a message was actually delivered to the recipient. I miss that feature for PUSHed messages, though. It seems there is no way to request a delivery report?","('#957', 'Signal', 'Delivery reports for PUSHed messages?', 'SMS messages support the notion of a delivery report that allows me to see when a message was actually delivered to the recipient. I miss that feature for PUSHed messages, though. It seems there is no way to request a delivery report?', 'Request Number - 957 | Request Title - Delivery reports for PUSHed messages? | Request Description - SMS messages support the notion of a delivery report that allows me to see when a message was actually delivered to the recipient. I miss that feature for PUSHed messages, though. It seems there is no way to request a delivery report?')",
11,Signal,1064,Done,"Request Number - 1064 | Request Title - Group Leaving vs Thread Deletion | Request Description - Deleting a group thread looks like leaving a group. But deleting the thread does not remove me from a group, but until someone writes to that group or updates it, i am not able to write to that group, as i have no open thread i could select. I propose: thread deletion for groups should just clear all messages without removing the group from the thread list","('#1064', 'Signal', 'Group Leaving vs Thread Deletion', 'Deleting a group thread looks like leaving a group. But deleting the thread does not remove me from a group, but until someone writes to that group or updates it, i am not able to write to that group, as i have no open thread i could select. I propose: thread deletion for groups should just clear all messages without removing the group from the thread list', 'Request Number - 1064 | Request Title - Group Leaving vs Thread Deletion | Request Description - Deleting a group thread looks like leaving a group. But deleting the thread does not remove me from a group, but until someone writes to that group or updates it, i am not able to write to that group, as i have no open thread i could select. I propose: thread deletion for groups should just clear all messages without removing the group from the thread list')",
5,Signal,1211,Done,Request Number - 1211 | Request Title - Chat scrolls when new messages are received | Request Description - When being in a chat and messages are received the chat scrolls with them to the most recent message. So when you have received something over 100 messages (like when you are in an active group chat) you have to scroll quite some time up until you reach the part you read last. It would be far more convenient if the chat stayed where you left it/where the new received messages start and you could then just continue reading.,"('#1211', 'Signal', 'Chat scrolls when new messages are received', 'When being in a chat and messages are received the chat scrolls with them to the most recent message. So when you have received something over 100 messages (like when you are in an active group chat) you have to scroll quite some time up until you reach the part you read last. It would be far more convenient if the chat stayed where you left it/where the new received messages start and you could then just continue reading.', 'Request Number - 1211 | Request Title - Chat scrolls when new messages are received | Request Description - When being in a chat and messages are received the chat scrolls with them to the most recent message. So when you have received something over 100 messages (like when you are in an active group chat) you have to scroll quite some time up until you reach the part you read last. It would be far more convenient if the chat stayed where you left it/where the new received messages start and you could then just continue reading.')",
41,Signal,1407,Here,"Request Number - 1407 | Request Title - textsecure not an option when ""sharing"" an address book contact | Request Description - TextSecure is not an option when attempting to share a contact from the address book, in Android 4.4.2 when i select ""messaging"" it tells me ""messaging"" is not the default sms app. This would be a nice feature to have added to the app.","('#1407', 'Signal', 'textsecure not an option when ""sharing"" an address book contact', 'TextSecure is not an option when attempting to share a contact from the address book, in Android 4.4.2 when i select ""messaging"" it tells me ""messaging"" is not the default sms app. This would be a nice feature to have added to the app.', 'Request Number - 1407 | Request Title - textsecure not an option when ""sharing"" an address book contact | Request Description - TextSecure is not an option when attempting to share a contact from the address book, in Android 4.4.2 when i select ""messaging"" it tells me ""messaging"" is not the default sms app. This would be a nice feature to have added to the app.')",
28,Signal,1504,Done,Request Number - 1504 | Request Title - Notification Color for Individual Contacts or Groups | Request Description - how about we edit this one too?  or just delete it..... 🙈,"('#1504', 'Signal', 'Notification Color for Individual Contacts or Groups', 'how about we edit this one too?  or just delete it..... 🙈', 'Request Number - 1504 | Request Title - Notification Color for Individual Contacts or Groups | Request Description - how about we edit this one too?  or just delete it..... 🙈')",
47,Signal,1509,Here,Request Number - 1509 | Request Title - Adjustable font scaling | Request Description - It would be nice to be able to scale the font size of messages with respect to the system font size.  Sometimes it is convenient to see more conversation history on the screen at the expense of smaller sizes and reduced readability.,"('#1509', 'Signal', 'Adjustable font scaling', 'It would be nice to be able to scale the font size of messages with respect to the system font size.  Sometimes it is convenient to see more conversation history on the screen at the expense of smaller sizes and reduced readability.', 'Request Number - 1509 | Request Title - Adjustable font scaling | Request Description - It would be nice to be able to scale the font size of messages with respect to the system font size.  Sometimes it is convenient to see more conversation history on the screen at the expense of smaller sizes and reduced readability.')",
36,Signal,1699,Done,"Request Number - 1699 | Request Title - Add Android Wear support | Request Description - Hangouts has the possibility to answer with predefined answers or voice. Something similar would be awesome for TextSecure. Since all this works over notifications, this should be reasonably easy to intergrate.","('#1699', 'Signal', 'Add Android Wear support', 'Hangouts has the possibility to answer with predefined answers or voice. Something similar would be awesome for TextSecure. Since all this works over notifications, this should be reasonably easy to intergrate.', 'Request Number - 1699 | Request Title - Add Android Wear support | Request Description - Hangouts has the possibility to answer with predefined answers or voice. Something similar would be awesome for TextSecure. Since all this works over notifications, this should be reasonably easy to intergrate.')",
30,Signal,1761,Done,Request Number - 1761 | Request Title - Automatic SMS forwarding | Request Description - It would be awesome to be able to automatically forward all incoming SMS from a certain contact to another contact.,"('#1761', 'Signal', 'Automatic SMS forwarding', 'It would be awesome to be able to automatically forward all incoming SMS from a certain contact to another contact.', 'Request Number - 1761 | Request Title - Automatic SMS forwarding | Request Description - It would be awesome to be able to automatically forward all incoming SMS from a certain contact to another contact.')",
33,Signal,1819,Done,"Request Number - 1819 | Request Title - Request - UI : Sliding pannel & option.  | Request Description - Hello, I believe that  there is a non-sense in the UI with a sliding panel on the left and a ""regular"" menu. In my sense they should be only one, 2 way to access the ""option"" is confusing. One thing could be that the sliding menu and the option button could trigger the slide. Regards,","('#1819', 'Signal', 'Request - UI : Sliding pannel & option. ', 'Hello, I believe that  there is a non-sense in the UI with a sliding panel on the left and a ""regular"" menu. In my sense they should be only one, 2 way to access the ""option"" is confusing. One thing could be that the sliding menu and the option button could trigger the slide. Regards,', 'Request Number - 1819 | Request Title - Request - UI : Sliding pannel & option.  | Request Description - Hello, I believe that  there is a non-sense in the UI with a sliding panel on the left and a ""regular"" menu. In my sense they should be only one, 2 way to access the ""option"" is confusing. One thing could be that the sliding menu and the option button could trigger the slide. Regards,')",
21,Signal,2055,Done,"Request Number - 2055 | Request Title - use delivery receipts to show message received time for outgoing messages | Request Description - After long pressing on a message and selecting the info button, the message details are shown. This includes the sent and received times for incoming messages. For outgoing messages, in contrast, only one Sent/Received time is displayed, probably containing sent time. Now that delivery receipts are implemented, it would be possible to display the received time for outgoing messages (by taking the sent time from the receipt). Or to make it more precise, let the receipt message piggybag the real received time. This would make the user interface more consistent. When this is rejected for some reasons, I suggest renaming the ""Sent/Received"" label for outgoing messages to ""Sent"" because this is what it really is about.","('#2055', 'Signal', 'use delivery receipts to show message received time for outgoing messages', 'After long pressing on a message and selecting the info button, the message details are shown. This includes the sent and received times for incoming messages. For outgoing messages, in contrast, only one Sent/Received time is displayed, probably containing sent time. Now that delivery receipts are implemented, it would be possible to display the received time for outgoing messages (by taking the sent time from the receipt). Or to make it more precise, let the receipt message piggybag the real received time. This would make the user interface more consistent. When this is rejected for some reasons, I suggest renaming the ""Sent/Received"" label for outgoing messages to ""Sent"" because this is what it really is about.', 'Request Number - 2055 | Request Title - use delivery receipts to show message received time for outgoing messages | Request Description - After long pressing on a message and selecting the info button, the message details are shown. This includes the sent and received times for incoming messages. For outgoing messages, in contrast, only one Sent/Received time is displayed, probably containing sent time. Now that delivery receipts are implemented, it would be possible to display the received time for outgoing messages (by taking the sent time from the receipt). Or to make it more precise, let the receipt message piggybag the real received time. This would make the user interface more consistent. When this is rejected for some reasons, I suggest renaming the ""Sent/Received"" label for outgoing messages to ""Sent"" because this is what it really is about.')",
22,Signal,2159,Done,"Request Number - 2159 | Request Title - Share multiple photos (files) | Request Description - Hi, I love TextSecure but there's one thing that I find rather annoying. It often happens that I want to share some pics with someone (more than just one pic), and I have to select them one at a time instead of selecting them all and sending them all at once. It would be cool if I could pick them from the gallery and then click ""share"" and send them without going through the procedure n times. I don't think this should be hard to implement and it would save so much time and improve usability greatly. Thank you","('#2159', 'Signal', 'Share multiple photos (files)', 'Hi, I love TextSecure but there\'s one thing that I find rather annoying. It often happens that I want to share some pics with someone (more than just one pic), and I have to select them one at a time instead of selecting them all and sending them all at once. It would be cool if I could pick them from the gallery and then click ""share"" and send them without going through the procedure n times. I don\'t think this should be hard to implement and it would save so much time and improve usability greatly. Thank you', 'Request Number - 2159 | Request Title - Share multiple photos (files) | Request Description - Hi, I love TextSecure but there\'s one thing that I find rather annoying. It often happens that I want to share some pics with someone (more than just one pic), and I have to select them one at a time instead of selecting them all and sending them all at once. It would be cool if I could pick them from the gallery and then click ""share"" and send them without going through the procedure n times. I don\'t think this should be hard to implement and it would save so much time and improve usability greatly. Thank you')",
49,Signal,2285,Here,"Request Number - 2285 | Request Title - Send button should stick to last method (Signal, insecure SMS) on a per-user basis | Request Description - What it says on the tin; taken from discussion at the bottom of #845 . As @samlanning mentioned and other users indicated, the send method must currently be selected with every message with a chat partner. ""Stickiness"" would be helpful, as long as the Send button reflected it visually (including for color-impaired users). Implementing this would also be a workaround to #845 itself.","('#2285', 'Signal', 'Send button should stick to last method (Signal, insecure SMS) on a per-user basis', 'What it says on the tin; taken from discussion at the bottom of #845 . As @samlanning mentioned and other users indicated, the send method must currently be selected with every message with a chat partner. ""Stickiness"" would be helpful, as long as the Send button reflected it visually (including for color-impaired users). Implementing this would also be a workaround to #845 itself.', 'Request Number - 2285 | Request Title - Send button should stick to last method (Signal, insecure SMS) on a per-user basis | Request Description - What it says on the tin; taken from discussion at the bottom of #845 . As @samlanning mentioned and other users indicated, the send method must currently be selected with every message with a chat partner. ""Stickiness"" would be helpful, as long as the Send button reflected it visually (including for color-impaired users). Implementing this would also be a workaround to #845 itself.')",
3,Signal,2798,Done,Request Number - 2798 | Request Title - [Feature request] Add ability to delete image in image view | Request Description - Currently the only way to delete an image is by long-tapping the image and selecting the delete icon. If you short-tap the image it is displayed in full screen mode. There is already a save icon in that view. My suggestion is to also add a delete icon in that view.,"('#2798', 'Signal', '[Feature request] Add ability to delete image in image view', 'Currently the only way to delete an image is by long-tapping the image and selecting the delete icon. If you short-tap the image it is displayed in full screen mode. There is already a save icon in that view. My suggestion is to also add a delete icon in that view.', 'Request Number - 2798 | Request Title - [Feature request] Add ability to delete image in image view | Request Description - Currently the only way to delete an image is by long-tapping the image and selecting the delete icon. If you short-tap the image it is displayed in full screen mode. There is already a save icon in that view. My suggestion is to also add a delete icon in that view.')",
44,Signal,3446,Here,"Request Number - 3446 | Request Title - Let me aggressively invite non-textsecure friends | Request Description - I just set Textsecure as my default SMS app on Android. Every time I send an unconventional SMS, I'd like to invite these users to install Textsecure/Signal, because I want more of my friends to be able to have private conversations with me. I also want Textsecure to spread organically because I think that'd be good for the world! I'd like a preference that would append short invite text and an invite link to every message provided there are enough characters, for example: ""Let's speak privately! SHORTLINK"" or ""Get privacy: SHORTLINK"" or ""Get this! SHORTLINK"" Ideally you'd experiment and figure out whatever text worked the best. For any user that sets their default SMS app as textsecure/signal, you should ask them if they'd like to turn this on.","('#3446', 'Signal', 'Let me aggressively invite non-textsecure friends', 'I just set Textsecure as my default SMS app on Android. Every time I send an unconventional SMS, I\'d like to invite these users to install Textsecure/Signal, because I want more of my friends to be able to have private conversations with me. I also want Textsecure to spread organically because I think that\'d be good for the world! I\'d like a preference that would append short invite text and an invite link to every message provided there are enough characters, for example: ""Let\'s speak privately! SHORTLINK"" or ""Get privacy: SHORTLINK"" or ""Get this! SHORTLINK"" Ideally you\'d experiment and figure out whatever text worked the best. For any user that sets their default SMS app as textsecure/signal, you should ask them if they\'d like to turn this on.', 'Request Number - 3446 | Request Title - Let me aggressively invite non-textsecure friends | Request Description - I just set Textsecure as my default SMS app on Android. Every time I send an unconventional SMS, I\'d like to invite these users to install Textsecure/Signal, because I want more of my friends to be able to have private conversations with me. I also want Textsecure to spread organically because I think that\'d be good for the world! I\'d like a preference that would append short invite text and an invite link to every message provided there are enough characters, for example: ""Let\'s speak privately! SHORTLINK"" or ""Get privacy: SHORTLINK"" or ""Get this! SHORTLINK"" Ideally you\'d experiment and figure out whatever text worked the best. For any user that sets their default SMS app as textsecure/signal, you should ask them if they\'d like to turn this on.')",
45,Signal,4049,Here,Request Number - 4049 | Request Title - delivery indicator in conversation list item | Request Description - the conversation summary should show the most recent message's delivery status if it's outgoing,"('#4049', 'Signal', 'delivery indicator in conversation list item', ""the conversation summary should show the most recent message's delivery status if it's outgoing"", ""Request Number - 4049 | Request Title - delivery indicator in conversation list item | Request Description - the conversation summary should show the most recent message's delivery status if it's outgoing"")",
17,Signal,4230,Done,Request Number - 4230 | Request Title - Auto-split oversized texts | Request Description - Feature Request: Auto-split oversized texts over multiple messages. At the moment they will be truncated. (Telegram messenger auto-splits oversized texts into multiple messages.),"('#4230', 'Signal', 'Auto-split oversized texts', 'Feature Request: Auto-split oversized texts over multiple messages. At the moment they will be truncated. (Telegram messenger auto-splits oversized texts into multiple messages.)', 'Request Number - 4230 | Request Title - Auto-split oversized texts | Request Description - Feature Request: Auto-split oversized texts over multiple messages. At the moment they will be truncated. (Telegram messenger auto-splits oversized texts into multiple messages.)')",
35,Signal,4245,Done,Request Number - 4245 | Request Title - Low quality contact photo during call | Request Description - Calling screen doesn't show the full resolution contact photo on Signal 3.0.3,"('#4245', 'Signal', 'Low quality contact photo during call', ""Calling screen doesn't show the full resolution contact photo on Signal 3.0.3"", ""Request Number - 4245 | Request Title - Low quality contact photo during call | Request Description - Calling screen doesn't show the full resolution contact photo on Signal 3.0.3"")",
40,Signal,5238,Done,"Request Number - 5238 | Request Title - Conveniently raise-to-speak and raise-to-listen Voice messages | Request Description - Telegram 3.5 added the very convenient raise-to-speak and raise-to-listen feature for voice messages: When a chat is open, bring your phone to your ear (as if taking a phone call) to listen to new voice messages or record a new one after the signal. Voice messaging is one of the most popular features of Wazzapp, raise-to-speak  and raise-to-listen would make it much easier to use, even better than the competition!","('#5238', 'Signal', 'Conveniently raise-to-speak and raise-to-listen Voice messages', 'Telegram 3.5 added the very convenient raise-to-speak and raise-to-listen feature for voice messages: When a chat is open, bring your phone to your ear (as if taking a phone call) to listen to new voice messages or record a new one after the signal. Voice messaging is one of the most popular features of Wazzapp, raise-to-speak  and raise-to-listen would make it much easier to use, even better than the competition!', 'Request Number - 5238 | Request Title - Conveniently raise-to-speak and raise-to-listen Voice messages | Request Description - Telegram 3.5 added the very convenient raise-to-speak and raise-to-listen feature for voice messages: When a chat is open, bring your phone to your ear (as if taking a phone call) to listen to new voice messages or record a new one after the signal. Voice messaging is one of the most popular features of Wazzapp, raise-to-speak  and raise-to-listen would make it much easier to use, even better than the competition!')",
7,Signal,5751,Done,"Request Number - 5751 | Request Title - Should a swiped-away notification reappear when new messages arrive? | Request Description - I have:   searched open and closed issues for duplicates  read https://github.com/WhisperSystems/Signal-Android/wiki/Submitting-useful-bug-reports  Bug description. A swiped away notification of a received SMS is displayed back after some time. Steps to reproduce.  Receive an SMS Without opening Signal, swipe away the new notification from the Android notification drawer Actual result: After some time the same notification is displayed back. I cannot tell exactly when. Maybe it is event related. Expected result: The notification should not be displayed, once it is swiped away. If another message is received from the same contact/number, a new notification should display the new message (or possibly the swiped away message and the new message). Device info. Device: LGE Nexus 5X (bullhead) Android: 7.0 (3141966, NRD90R) Memory: 15M (1.73% free, 192M max) Memclass: 192 OS Host: vped5.mtv.corp.google.com App: Signal 3.19.1 Link to debug log. https://gist.github.com/nagromc/c2a3a151ba09ed2f38265d3a723b8a52#file-issue-5751-comment-181395245-txt","('#5751', 'Signal', 'Should a swiped-away notification reappear when new messages arrive?', 'I have: \n searched open and closed issues for duplicates\n read https://github.com/WhisperSystems/Signal-Android/wiki/Submitting-useful-bug-reports\n Bug description. A swiped away notification of a received SMS is displayed back after some time. Steps to reproduce. \nReceive an SMS\nWithout opening Signal, swipe away the new notification from the Android notification drawer\nActual result: After some time the same notification is displayed back. I cannot tell exactly when. Maybe it is event related. Expected result: The notification should not be displayed, once it is swiped away. If another message is received from the same contact/number, a new notification should display the new message (or possibly the swiped away message and the new message). Device info. Device: LGE Nexus 5X (bullhead) Android: 7.0 (3141966, NRD90R) Memory: 15M (1.73% free, 192M max) Memclass: 192 OS Host: vped5.mtv.corp.google.com App: Signal 3.19.1 Link to debug log. https://gist.github.com/nagromc/c2a3a151ba09ed2f38265d3a723b8a52#file-issue-5751-comment-181395245-txt', 'Request Number - 5751 | Request Title - Should a swiped-away notification reappear when new messages arrive? | Request Description - I have:   searched open and closed issues for duplicates  read https://github.com/WhisperSystems/Signal-Android/wiki/Submitting-useful-bug-reports  Bug description. A swiped away notification of a received SMS is displayed back after some time. Steps to reproduce.  Receive an SMS Without opening Signal, swipe away the new notification from the Android notification drawer Actual result: After some time the same notification is displayed back. I cannot tell exactly when. Maybe it is event related. Expected result: The notification should not be displayed, once it is swiped away. If another message is received from the same contact/number, a new notification should display the new message (or possibly the swiped away message and the new message). Device info. Device: LGE Nexus 5X (bullhead) Android: 7.0 (3141966, NRD90R) Memory: 15M (1.73% free, 192M max) Memclass: 192 OS Host: vped5.mtv.corp.google.com App: Signal 3.19.1 Link to debug log. https://gist.github.com/nagromc/c2a3a151ba09ed2f38265d3a723b8a52#file-issue-5751-comment-181395245-txt')",
10,Signal,5775,Replace,"Request Number - 5775 | Request Title - Add longer-term disappearing timeouts | Request Description - I have looked at all open and closed issues containing ""disappearing"" here and in the libsignal-java repo. I hope the bug belongs to this repo, sorry if not! For my use case, the 30s/.../1 week periods for disappearing messages are not useful. I quite often want to have a look at messages written within the last month. I'd thus not use the feature at all, even though in principle I think it is a good idea. I'd suggest to add further periods up to at least one year or something. (As I'm thinking of it, maybe it should even be 13 months rather than 12, so you can re-read what you were discussing on your last year's birthday or last christmas or whatever, and it only disappears little after) (Signal 3.19.1 on Android 6.0.1 / CM 13)","('#5775', 'Signal', 'Add longer-term disappearing timeouts', 'I have looked at all open and closed issues containing ""disappearing"" here and in the libsignal-java repo. I hope the bug belongs to this repo, sorry if not! For my use case, the 30s/.../1 week periods for disappearing messages are not useful. I quite often want to have a look at messages written within the last month. I\'d thus not use the feature at all, even though in principle I think it is a good idea. I\'d suggest to add further periods up to at least one year or something. (As I\'m thinking of it, maybe it should even be 13 months rather than 12, so you can re-read what you were discussing on your last year\'s birthday or last christmas or whatever, and it only disappears little after) (Signal 3.19.1 on Android 6.0.1 / CM 13)', 'Request Number - 5775 | Request Title - Add longer-term disappearing timeouts | Request Description - I have looked at all open and closed issues containing ""disappearing"" here and in the libsignal-java repo. I hope the bug belongs to this repo, sorry if not! For my use case, the 30s/.../1 week periods for disappearing messages are not useful. I quite often want to have a look at messages written within the last month. I\'d thus not use the feature at all, even though in principle I think it is a good idea. I\'d suggest to add further periods up to at least one year or something. (As I\'m thinking of it, maybe it should even be 13 months rather than 12, so you can re-read what you were discussing on your last year\'s birthday or last christmas or whatever, and it only disappears little after) (Signal 3.19.1 on Android 6.0.1 / CM 13)')",
29,Signal,5775,Done,"Request Number - 5775 | Request Title - Add longer-term disappearing timeouts | Request Description - I have looked at all open and closed issues containing ""disappearing"" here and in the libsignal-java repo. I hope the bug belongs to this repo, sorry if not! For my use case, the 30s/.../1 week periods for disappearing messages are not useful. I quite often want to have a look at messages written within the last month. I'd thus not use the feature at all, even though in principle I think it is a good idea. I'd suggest to add further periods up to at least one year or something. (As I'm thinking of it, maybe it should even be 13 months rather than 12, so you can re-read what you were discussing on your last year's birthday or last christmas or whatever, and it only disappears little after) (Signal 3.19.1 on Android 6.0.1 / CM 13)","('#5775', 'Signal', 'Add longer-term disappearing timeouts', 'I have looked at all open and closed issues containing ""disappearing"" here and in the libsignal-java repo. I hope the bug belongs to this repo, sorry if not! For my use case, the 30s/.../1 week periods for disappearing messages are not useful. I quite often want to have a look at messages written within the last month. I\'d thus not use the feature at all, even though in principle I think it is a good idea. I\'d suggest to add further periods up to at least one year or something. (As I\'m thinking of it, maybe it should even be 13 months rather than 12, so you can re-read what you were discussing on your last year\'s birthday or last christmas or whatever, and it only disappears little after) (Signal 3.19.1 on Android 6.0.1 / CM 13)', 'Request Number - 5775 | Request Title - Add longer-term disappearing timeouts | Request Description - I have looked at all open and closed issues containing ""disappearing"" here and in the libsignal-java repo. I hope the bug belongs to this repo, sorry if not! For my use case, the 30s/.../1 week periods for disappearing messages are not useful. I quite often want to have a look at messages written within the last month. I\'d thus not use the feature at all, even though in principle I think it is a good idea. I\'d suggest to add further periods up to at least one year or something. (As I\'m thinking of it, maybe it should even be 13 months rather than 12, so you can re-read what you were discussing on your last year\'s birthday or last christmas or whatever, and it only disappears little after) (Signal 3.19.1 on Android 6.0.1 / CM 13)')",
9,Signal,5904,Done,"Request Number - 5904 | Request Title - archived/blocked flags are not part of xml backup | Request Description - After importing messages from .xml backup, previously archived messages are all placed in main folder. Also 'blocked' flag is gone. I'm talking about only those messages that were part of the backup (probably already received messages and their flags are intact). I was expecting that 'archive' and 'blocked' flags are part of .xml backup. This is part of my backup (entries from one thread). For sure I've moved all messages from this number to archive and blocked the conversation. <sms protocol=""0"" address=""<cut>"" date=""<cut>"" type=""1"" subject=""null"" body=""<cut>"" toa=""null"" sc_toa=""null"" service_center=""null"" read=""1"" status=""-1"" locked=""0"" />  <sms protocol=""0"" address=""<cut>"" date=""<cut>"" type=""2"" subject=""null"" body=""<cut>"" toa=""null"" sc_toa=""null"" service_center=""null"" read=""1"" status=""-1"" locked=""0"" />  <sms protocol=""0"" address=""<cut>"" date=""<cut>"" type=""1"" subject=""null"" body=""<cut>"" toa=""null"" sc_toa=""null"" service_center=""null"" read=""1"" status=""-1"" locked=""0"" />  <sms protocol=""0"" address=""<cut>"" date=""<cut>"" type=""2"" subject=""null"" body=""<cut>"" toa=""null"" sc_toa=""null"" service_center=""null"" read=""1"" status=""-1"" locked=""0"" />  <sms protocol=""0"" address=""<cut>"" date=""<cut>"" type=""1"" subject=""null"" body=""<cut>"" toa=""null"" sc_toa=""null"" service_center=""null"" read=""1"" status=""-1"" locked=""0"" />  <sms protocol=""0"" address=""<cut>"" date=""<cut>"" type=""1"" subject=""null"" body=""<cut>"" toa=""null"" sc_toa=""null"" service_center=""null"" read=""1"" status=""-1"" locked=""0"" />  <sms protocol=""0"" address=""<cut>"" date=""<cut>"" type=""1"" subject=""null"" body=""<cut>"" toa=""null"" sc_toa=""null"" service_center=""null"" read=""1"" status=""-1"" locked=""0"" />  <sms protocol=""0"" address=""<cut>"" date=""<cut>"" type=""2"" subject=""null"" body=""<cut>"" toa=""null"" sc_toa=""null"" service_center=""null"" read=""1"" status=""-1"" locked=""0"" />  <sms protocol=""0"" address=""<cut>"" date=""<cut>"" type=""1"" subject=""null"" body=""<cut>"" toa=""null"" sc_toa=""null"" service_center=""null"" read=""1"" status=""-1"" locked=""0"" />","('#5904', 'Signal', 'archived/blocked flags are not part of xml backup', 'After importing messages from .xml backup, previously archived messages are all placed in main folder. Also \'blocked\' flag is gone. I\'m talking about only those messages that were part of the backup (probably already received messages and their flags are intact). I was expecting that \'archive\' and \'blocked\' flags are part of .xml backup. This is part of my backup (entries from one thread). For sure I\'ve moved all messages from this number to archive and blocked the conversation. <sms protocol=""0"" address=""<cut>"" date=""<cut>"" type=""1"" subject=""null"" body=""<cut>"" toa=""null"" sc_toa=""null"" service_center=""null"" read=""1"" status=""-1"" locked=""0"" />\n <sms protocol=""0"" address=""<cut>"" date=""<cut>"" type=""2"" subject=""null"" body=""<cut>"" toa=""null"" sc_toa=""null"" service_center=""null"" read=""1"" status=""-1"" locked=""0"" />\n <sms protocol=""0"" address=""<cut>"" date=""<cut>"" type=""1"" subject=""null"" body=""<cut>"" toa=""null"" sc_toa=""null"" service_center=""null"" read=""1"" status=""-1"" locked=""0"" />\n <sms protocol=""0"" address=""<cut>"" date=""<cut>"" type=""2"" subject=""null"" body=""<cut>"" toa=""null"" sc_toa=""null"" service_center=""null"" read=""1"" status=""-1"" locked=""0"" />\n <sms protocol=""0"" address=""<cut>"" date=""<cut>"" type=""1"" subject=""null"" body=""<cut>"" toa=""null"" sc_toa=""null"" service_center=""null"" read=""1"" status=""-1"" locked=""0"" />\n <sms protocol=""0"" address=""<cut>"" date=""<cut>"" type=""1"" subject=""null"" body=""<cut>"" toa=""null"" sc_toa=""null"" service_center=""null"" read=""1"" status=""-1"" locked=""0"" />\n <sms protocol=""0"" address=""<cut>"" date=""<cut>"" type=""1"" subject=""null"" body=""<cut>"" toa=""null"" sc_toa=""null"" service_center=""null"" read=""1"" status=""-1"" locked=""0"" />\n <sms protocol=""0"" address=""<cut>"" date=""<cut>"" type=""2"" subject=""null"" body=""<cut>"" toa=""null"" sc_toa=""null"" service_center=""null"" read=""1"" status=""-1"" locked=""0"" />\n <sms protocol=""0"" address=""<cut>"" date=""<cut>"" type=""1"" subject=""null"" body=""<cut>"" toa=""null"" sc_toa=""null"" service_center=""null"" read=""1"" status=""-1"" locked=""0"" />', 'Request Number - 5904 | Request Title - archived/blocked flags are not part of xml backup | Request Description - After importing messages from .xml backup, previously archived messages are all placed in main folder. Also \'blocked\' flag is gone. I\'m talking about only those messages that were part of the backup (probably already received messages and their flags are intact). I was expecting that \'archive\' and \'blocked\' flags are part of .xml backup. This is part of my backup (entries from one thread). For sure I\'ve moved all messages from this number to archive and blocked the conversation. <sms protocol=""0"" address=""<cut>"" date=""<cut>"" type=""1"" subject=""null"" body=""<cut>"" toa=""null"" sc_toa=""null"" service_center=""null"" read=""1"" status=""-1"" locked=""0"" />  <sms protocol=""0"" address=""<cut>"" date=""<cut>"" type=""2"" subject=""null"" body=""<cut>"" toa=""null"" sc_toa=""null"" service_center=""null"" read=""1"" status=""-1"" locked=""0"" />  <sms protocol=""0"" address=""<cut>"" date=""<cut>"" type=""1"" subject=""null"" body=""<cut>"" toa=""null"" sc_toa=""null"" service_center=""null"" read=""1"" status=""-1"" locked=""0"" />  <sms protocol=""0"" address=""<cut>"" date=""<cut>"" type=""2"" subject=""null"" body=""<cut>"" toa=""null"" sc_toa=""null"" service_center=""null"" read=""1"" status=""-1"" locked=""0"" />  <sms protocol=""0"" address=""<cut>"" date=""<cut>"" type=""1"" subject=""null"" body=""<cut>"" toa=""null"" sc_toa=""null"" service_center=""null"" read=""1"" status=""-1"" locked=""0"" />  <sms protocol=""0"" address=""<cut>"" date=""<cut>"" type=""1"" subject=""null"" body=""<cut>"" toa=""null"" sc_toa=""null"" service_center=""null"" read=""1"" status=""-1"" locked=""0"" />  <sms protocol=""0"" address=""<cut>"" date=""<cut>"" type=""1"" subject=""null"" body=""<cut>"" toa=""null"" sc_toa=""null"" service_center=""null"" read=""1"" status=""-1"" locked=""0"" />  <sms protocol=""0"" address=""<cut>"" date=""<cut>"" type=""2"" subject=""null"" body=""<cut>"" toa=""null"" sc_toa=""null"" service_center=""null"" read=""1"" status=""-1"" locked=""0"" />  <sms protocol=""0"" address=""<cut>"" date=""<cut>"" type=""1"" subject=""null"" body=""<cut>"" toa=""null"" sc_toa=""null"" service_center=""null"" read=""1"" status=""-1"" locked=""0"" />')",
6,Signal,5934,Done,"Request Number - 5934 | Request Title - Enable image viewing in immersive mode | Request Description - I have:   searched open and closed issues for duplicates  read https://github.com/WhisperSystems/Signal-Android/wiki/Submitting-useful-bug-reports  Feature description. It would be nice to be able to view images in immersive mode, i.e. with the the app bar, the status bar and the navigation bar being hidden. Documentation on immersive mode: https://developer.android.com/training/system-ui/immersive.html","('#5934', 'Signal', 'Enable image viewing in immersive mode', 'I have: \n searched open and closed issues for duplicates\n read https://github.com/WhisperSystems/Signal-Android/wiki/Submitting-useful-bug-reports\n Feature description. It would be nice to be able to view images in immersive mode, i.e. with the the app bar, the status bar and the navigation bar being hidden. Documentation on immersive mode: https://developer.android.com/training/system-ui/immersive.html', 'Request Number - 5934 | Request Title - Enable image viewing in immersive mode | Request Description - I have:   searched open and closed issues for duplicates  read https://github.com/WhisperSystems/Signal-Android/wiki/Submitting-useful-bug-reports  Feature description. It would be nice to be able to view images in immersive mode, i.e. with the the app bar, the status bar and the navigation bar being hidden. Documentation on immersive mode: https://developer.android.com/training/system-ui/immersive.html')",
8,Signal,5963,Done,"Request Number - 5963 | Request Title - Block numbers outside my contact list | Request Description - Add an option to allow completely blocking messages from contacts not in my contact list. This is very useful for children, to disable the possibility of them being approached by strangers.","('#5963', 'Signal', 'Block numbers outside my contact list', 'Add an option to allow completely blocking messages from contacts not in my contact list. This is very useful for children, to disable the possibility of them being approached by strangers.', 'Request Number - 5963 | Request Title - Block numbers outside my contact list | Request Description - Add an option to allow completely blocking messages from contacts not in my contact list. This is very useful for children, to disable the possibility of them being approached by strangers.')",
42,Signal,6013,Here,"Request Number - 6013 | Request Title - Feature Request: Disappearing Message Time of 15 Minutes | Request Description - The disappearing message function is something that I make heavy use of, but there seems to be a gap in the options. When thinking about how long some conversations go, 5 minutes seems too quick, but 30 minutes is too long. I'd love for there to be a 15 minute option. Given some of the feature requests I saw while looking to see if someone else asked for 15 minutes, it might be smart to support a custom time option somewhere.","('#6013', 'Signal', 'Feature Request: Disappearing Message Time of 15 Minutes', ""The disappearing message function is something that I make heavy use of, but there seems to be a gap in the options. When thinking about how long some conversations go, 5 minutes seems too quick, but 30 minutes is too long. I'd love for there to be a 15 minute option. Given some of the feature requests I saw while looking to see if someone else asked for 15 minutes, it might be smart to support a custom time option somewhere."", ""Request Number - 6013 | Request Title - Feature Request: Disappearing Message Time of 15 Minutes | Request Description - The disappearing message function is something that I make heavy use of, but there seems to be a gap in the options. When thinking about how long some conversations go, 5 minutes seems too quick, but 30 minutes is too long. I'd love for there to be a 15 minute option. Given some of the feature requests I saw while looking to see if someone else asked for 15 minutes, it might be smart to support a custom time option somewhere."")",
14,Signal,6031,Done,Request Number - 6031 | Request Title - Fingerprint unlock | Request Description - Please add fingerprint support for unlocking the app as an alternative to passphrase,"('#6031', 'Signal', 'Fingerprint unlock', 'Please add fingerprint support for unlocking the app as an alternative to passphrase', 'Request Number - 6031 | Request Title - Fingerprint unlock | Request Description - Please add fingerprint support for unlocking the app as an alternative to passphrase')",
26,Signal,6362,Done,"Request Number - 6362 | Request Title - Visual display for how many contacts are on Signal | Request Description - I have:   searched open and closed issues for duplicates  read https://github.com/WhisperSystems/Signal-Android/wiki/Submitting-useful-bug-reports  It'd be nice if Signal had a screen that would show e.g. a pie chart that indicated how many of my contacts were on Signal. Or how many of the messages I send are encrypted. Tapping an element of the pie chart would then show a list of people in that category - this would be a nice way to get an overview of contacts I still need to convince to convert. There's probably also room for some gamification in here - the app could display something like e.g. ""Almost there! 🎉"" when most, but not all, of my contacts were using Signal.","('#6362', 'Signal', 'Visual display for how many contacts are on Signal', 'I have: \n searched open and closed issues for duplicates\n read https://github.com/WhisperSystems/Signal-Android/wiki/Submitting-useful-bug-reports\n It\'d be nice if Signal had a screen that would show e.g. a pie chart that indicated how many of my contacts were on Signal. Or how many of the messages I send are encrypted. Tapping an element of the pie chart would then show a list of people in that category - this would be a nice way to get an overview of contacts I still need to convince to convert. There\'s probably also room for some gamification in here - the app could display something like e.g. ""Almost there! 🎉"" when most, but not all, of my contacts were using Signal.', 'Request Number - 6362 | Request Title - Visual display for how many contacts are on Signal | Request Description - I have:   searched open and closed issues for duplicates  read https://github.com/WhisperSystems/Signal-Android/wiki/Submitting-useful-bug-reports  It\'d be nice if Signal had a screen that would show e.g. a pie chart that indicated how many of my contacts were on Signal. Or how many of the messages I send are encrypted. Tapping an element of the pie chart would then show a list of people in that category - this would be a nice way to get an overview of contacts I still need to convince to convert. There\'s probably also room for some gamification in here - the app could display something like e.g. ""Almost there! 🎉"" when most, but not all, of my contacts were using Signal.')",
37,Signal,6424,Done,"Request Number - 6424 | Request Title - Improve search for non-contacts | Request Description - We recently made some improvements in Signal-iOS around searching for non-contacts by phone number.  I suggest we have parity on Android.  Fix non-contact lookup for non-US users. SignalServiceKit#130 Further refinements to phone number parsing. SignalServiceKit#139 Let's say user has a US phone number like +12045002827.  They should be able to search for another US phone number like +17043264096 by entering any of:  +17043264096 17043264096 7043264096 They should also be able to search for a non-US phone number like +441733530267 by entering any of:  +441733530267 441733530267 IMO we should try prepending the calling code for the current user's phone number and the calling code that corresponds to the default region for the current device.  I'm not sure how this works on Android, but on iOS users specify their language and region preferences as a system setting.  So for a user living in the US (With a US phone number) but who is Scottish and like seeing dates and times, etc. formatted in UK way and thus uses the UK region, we should try both US and UK calling codes since they are likely to look up users in both places.","('#6424', 'Signal', 'Improve search for non-contacts', ""We recently made some improvements in Signal-iOS around searching for non-contacts by phone number.  I suggest we have parity on Android. \nFix non-contact lookup for non-US users.\xa0SignalServiceKit#130\nFurther refinements to phone number parsing.\xa0SignalServiceKit#139\nLet's say user has a US phone number like +12045002827.  They should be able to search for another US phone number like +17043264096 by entering any of: \n+17043264096\n17043264096\n7043264096\nThey should also be able to search for a non-US phone number like +441733530267 by entering any of: \n+441733530267\n441733530267\nIMO we should try prepending the calling code for the current user's phone number and the calling code that corresponds to the default region for the current device.  I'm not sure how this works on Android, but on iOS users specify their language and region preferences as a system setting.  So for a user living in the US (With a US phone number) but who is Scottish and like seeing dates and times, etc. formatted in UK way and thus uses the UK region, we should try both US and UK calling codes since they are likely to look up users in both places."", ""Request Number - 6424 | Request Title - Improve search for non-contacts | Request Description - We recently made some improvements in Signal-iOS around searching for non-contacts by phone number.  I suggest we have parity on Android.  Fix non-contact lookup for non-US users.\xa0SignalServiceKit#130 Further refinements to phone number parsing.\xa0SignalServiceKit#139 Let's say user has a US phone number like +12045002827.  They should be able to search for another US phone number like +17043264096 by entering any of:  +17043264096 17043264096 7043264096 They should also be able to search for a non-US phone number like +441733530267 by entering any of:  +441733530267 441733530267 IMO we should try prepending the calling code for the current user's phone number and the calling code that corresponds to the default region for the current device.  I'm not sure how this works on Android, but on iOS users specify their language and region preferences as a system setting.  So for a user living in the US (With a US phone number) but who is Scottish and like seeing dates and times, etc. formatted in UK way and thus uses the UK region, we should try both US and UK calling codes since they are likely to look up users in both places."")",
46,Signal,7310,Here,"Request Number - 7310 | Request Title - Feature: add support for custom url sceme signal:// so we can have share buttons | Request Description - [x ] searched open and closed issues for duplicates [x ] read https://github.com/WhisperSystems/Signal-Android/wiki/Submitting-useful-bug-reports  Bug description. I maintain a website, and I would love to put signal share buttons on my articles. To do so, there needs to be a way to point to the signal app from webpages. The manner to do this without many compatibility issues is a custom url sceme: signal:// I know, custom url scemes could be considered bad practice since they pollude the namespace. I agree, but for now signal can't compete with other social media from a buisness standpoint because of missing features like these. This may keep a lot of people from using signal as their favorite messenger app. (world domination is not the goal, but we don't want to shoot ourselfs in the foot either, private messaging will only happen if your contacts are also willing to accept signal on their phone.) Lets consider having share buttons on websites. A custom url sceme would be a good start to make that possible. <a href=""signal://send?text=Hello%2C%20World!"">Send message to Signal Private Messenger</a> Read more about this here","('#7310', 'Signal', 'Feature: add support for custom url sceme signal:// so we can have share buttons', '[x ] searched open and closed issues for duplicates\n[x ] read https://github.com/WhisperSystems/Signal-Android/wiki/Submitting-useful-bug-reports\n Bug description. I maintain a website, and I would love to put signal share buttons on my articles. To do so, there needs to be a way to point to the signal app from webpages. The manner to do this without many compatibility issues is a custom url sceme: signal:// I know, custom url scemes could be considered bad practice since they pollude the namespace. I agree, but for now signal can\'t compete with other social media from a buisness standpoint because of missing features like these. This may keep a lot of people from using signal as their favorite messenger app. (world domination is not the goal, but we don\'t want to shoot ourselfs in the foot either, private messaging will only happen if your contacts are also willing to accept signal on their phone.) Lets consider having share buttons on websites. A custom url sceme would be a good start to make that possible. <a href=""signal://send?text=Hello%2C%20World!"">Send message to Signal Private Messenger</a> Read more about this here', 'Request Number - 7310 | Request Title - Feature: add support for custom url sceme signal:// so we can have share buttons | Request Description - [x ] searched open and closed issues for duplicates [x ] read https://github.com/WhisperSystems/Signal-Android/wiki/Submitting-useful-bug-reports  Bug description. I maintain a website, and I would love to put signal share buttons on my articles. To do so, there needs to be a way to point to the signal app from webpages. The manner to do this without many compatibility issues is a custom url sceme: signal:// I know, custom url scemes could be considered bad practice since they pollude the namespace. I agree, but for now signal can\'t compete with other social media from a buisness standpoint because of missing features like these. This may keep a lot of people from using signal as their favorite messenger app. (world domination is not the goal, but we don\'t want to shoot ourselfs in the foot either, private messaging will only happen if your contacts are also willing to accept signal on their phone.) Lets consider having share buttons on websites. A custom url sceme would be a good start to make that possible. <a href=""signal://send?text=Hello%2C%20World!"">Send message to Signal Private Messenger</a> Read more about this here')",
27,Signal,7567,Done,"Request Number - 7567 | Request Title - [Feature Request] SMS/Signal Notifications profile | Request Description - I have:   searched open and closed issues for duplicates  read https://github.com/signalapp/Signal-Android/wiki/Submitting-useful-bug-reports  Bug description. When making Signal as default SMS manager, there is no way to have default SMS notification (Android settings) to be enforced and having the Signal notification settings just for Signal message/call only. Steps to reproduce.  Install Signal and enable SMS support. Actual result: The same Expected result: Use Android notification profile for regular SMS/MMS and use Signal settings for secure messages / call. I use Signal with a limited number of people and I wish to know the difference between regular SMS or secured one by the ringtone (secure messages are mostly more urgent than other SMS). Screenshots. Device info. Device: BlackBerry Motion Android version: 7.1.2 Signal version: 4.16.9 Link to debug log.","('#7567', 'Signal', '[Feature Request] SMS/Signal Notifications profile', 'I have: \n searched open and closed issues for duplicates\n read https://github.com/signalapp/Signal-Android/wiki/Submitting-useful-bug-reports\n Bug description. When making Signal as default SMS manager, there is no way to have default SMS notification (Android settings) to be enforced and having the Signal notification settings just for Signal message/call only. Steps to reproduce. \nInstall Signal and enable SMS support.\nActual result: The same Expected result: Use Android notification profile for regular SMS/MMS and use Signal settings for secure messages / call. I use Signal with a limited number of people and I wish to know the difference between regular SMS or secured one by the ringtone (secure messages are mostly more urgent than other SMS). Screenshots. Device info. Device: BlackBerry Motion Android version: 7.1.2 Signal version: 4.16.9 Link to debug log.', 'Request Number - 7567 | Request Title - [Feature Request] SMS/Signal Notifications profile | Request Description - I have:   searched open and closed issues for duplicates  read https://github.com/signalapp/Signal-Android/wiki/Submitting-useful-bug-reports  Bug description. When making Signal as default SMS manager, there is no way to have default SMS notification (Android settings) to be enforced and having the Signal notification settings just for Signal message/call only. Steps to reproduce.  Install Signal and enable SMS support. Actual result: The same Expected result: Use Android notification profile for regular SMS/MMS and use Signal settings for secure messages / call. I use Signal with a limited number of people and I wish to know the difference between regular SMS or secured one by the ringtone (secure messages are mostly more urgent than other SMS). Screenshots. Device info. Device: BlackBerry Motion Android version: 7.1.2 Signal version: 4.16.9 Link to debug log.')",